[{"model": "resume.document", "pk": 1, "fields": {"name": "My Resume", "type": "Resume", "added": "2020-04-21T01:09:01.156Z", "modified": "2020-04-21T01:09:01.156Z", "file": "resume/files/2020/04/20/keniston-resume.pdf"}}, {"model": "resume.document", "pk": 2, "fields": {"name": "My CV", "type": "CV", "added": "2020-05-04T12:42:13.866Z", "modified": "2020-05-04T12:42:13.866Z", "file": "resume/files/2020/05/04/keniston-cv.pdf"}}, {"model": "resume.employer", "pk": 1, "fields": {"name": "University of Maryland", "city": "College Park", "state": "MD", "desc": "Department of Geographical Sciences", "logo": "employer_logos/umd.png"}}, {"model": "resume.employer", "pk": 2, "fields": {"name": "Radiant Solutions", "city": "Gaithersburg", "state": "MD", "desc": "Formerly MDA Information Systems", "logo": "employer_logos/radiant.png"}}, {"model": "resume.employer", "pk": 3, "fields": {"name": "Anne Arundel County Department of Health", "city": "Annapolis", "state": "MD", "desc": "Bureau of Environmental Health", "logo": "employer_logos/aahealth.jpg"}}, {"model": "resume.employer", "pk": 4, "fields": {"name": "United States Department of Justice", "city": "Washington", "state": "DC", "desc": "Environment & Natural Resources Division (ENRD) -\r\nEnvironmental Enforcement Section (EES)", "logo": "employer_logos/ENRD_Seal.png"}}, {"model": "resume.employer", "pk": 5, "fields": {"name": "Solar Energy Industries Association (SEIA)", "city": "Washington", "state": "DC", "desc": "", "logo": "employer_logos/logo-seia.png"}}, {"model": "resume.job", "pk": 1, "fields": {"title": "Faculty Specialist", "employer": 1, "desc": "Department of Geographical Sciences", "start": "2018-04-16", "end": null, "current": true, "relevant": true}}, {"model": "resume.job", "pk": 2, "fields": {"title": "Geospatial Analyst II", "employer": 2, "desc": "", "start": "2017-05-22", "end": "2018-04-04", "current": false, "relevant": true}}, {"model": "resume.job", "pk": 3, "fields": {"title": "GIS Analyst", "employer": 3, "desc": "", "start": "2014-11-20", "end": "2017-05-19", "current": false, "relevant": true}}, {"model": "resume.job", "pk": 4, "fields": {"title": "GIS Technical Assistant", "employer": 3, "desc": "", "start": "2014-05-05", "end": "2014-11-19", "current": false, "relevant": true}}, {"model": "resume.job", "pk": 5, "fields": {"title": "Student Intern", "employer": 4, "desc": "", "start": "2012-06-01", "end": "2012-08-31", "current": false, "relevant": false}}, {"model": "resume.job", "pk": 6, "fields": {"title": "Government Affairs Intern", "employer": 5, "desc": "", "start": "2011-01-01", "end": "2011-05-01", "current": false, "relevant": false}}, {"model": "resume.service", "pk": 1, "fields": {"title": "Chair, Faculty Specialist Committee", "employer": 1, "desc": "Department of Geographical Sciences", "start": "2019-08-26", "end": null, "current": true}}, {"model": "resume.accomplishment", "pk": 1, "fields": {"order": 1, "desc": "Lead software development for Agriculture Monitoring in the Americas (AMA) Resource Hub", "job": 1, "service": null}}, {"model": "resume.accomplishment", "pk": 2, "fields": {"order": 2, "desc": "Develop and maintain server-less Global Agricultural Monitoring (GLAM) System on Amazon Web Services", "job": 1, "service": null}}, {"model": "resume.accomplishment", "pk": 3, "fields": {"order": 3, "desc": "Software developer for NASA Harvest and NASA Harvest data distribution, analysis, and discovery platform - \u201cHarvest Portal\u201d", "job": 1, "service": null}}, {"model": "resume.accomplishment", "pk": 4, "fields": {"order": 1, "desc": "Classified land cover using high resolution multispectral satellite imagery", "job": 2, "service": null}}, {"model": "resume.accomplishment", "pk": 5, "fields": {"order": 2, "desc": "Performed quality control and validation procedures on land cover products to ensure accuracy", "job": 2, "service": null}}, {"model": "resume.accomplishment", "pk": 6, "fields": {"order": 3, "desc": "Coordinated with Geospatial Solutions Team to guide classification and feature identification", "job": 2, "service": null}}, {"model": "resume.accomplishment", "pk": 7, "fields": {"order": 1, "desc": "Created maps and cartographic products for departmental use", "job": 3, "service": null}}, {"model": "resume.accomplishment", "pk": 8, "fields": {"order": 2, "desc": "Provided spatial analysis for coordination of county-wide health programs", "job": 3, "service": null}}, {"model": "resume.accomplishment", "pk": 9, "fields": {"order": 3, "desc": "Maintained and updated legacy enterprise GIS viewing application", "job": 3, "service": null}}, {"model": "resume.accomplishment", "pk": 10, "fields": {"order": 4, "desc": "Administered databases of environmental health resources", "job": 3, "service": null}}, {"model": "resume.accomplishment", "pk": 11, "fields": {"order": 1, "desc": "Collected and processed GPS measurements and other field data", "job": 4, "service": null}}, {"model": "resume.accomplishment", "pk": 12, "fields": {"order": 2, "desc": "Updated various databases containing environmental health data", "job": 4, "service": null}}, {"model": "resume.accomplishment", "pk": 13, "fields": {"order": 3, "desc": "Supported coordination of department\u2019s Rabies Vaccination Program", "job": 4, "service": null}}, {"model": "resume.resource", "pk": 1, "fields": {"order": 1, "name": "GLAM", "desc": "", "link": "http://glam.nasaharvest.org", "job": 1, "service": null, "active": true}}, {"model": "resume.resource", "pk": 2, "fields": {"order": 2, "name": "AMA HUB", "desc": "", "link": "http://resources.agamericas.org", "job": 1, "service": null, "active": true}}, {"model": "resume.skillcategory", "pk": 1, "fields": {"name": "GIS & Geospatial Analysis", "icon": "map marker alternate"}}, {"model": "resume.skillcategory", "pk": 2, "fields": {"name": "Back End", "icon": "cogs"}}, {"model": "resume.skillcategory", "pk": 3, "fields": {"name": "Front End", "icon": "laptop"}}, {"model": "resume.skillcategory", "pk": 4, "fields": {"name": "AWS", "icon": "aws"}}, {"model": "resume.skill", "pk": 2, "fields": {"name": "GDAL", "proficiency": 2, "since": null, "category": [1]}}, {"model": "resume.skill", "pk": 3, "fields": {"name": "Python", "proficiency": 2, "since": null, "category": [1, 2]}}, {"model": "resume.skill", "pk": 4, "fields": {"name": "QGIS", "proficiency": 2, "since": null, "category": [1]}}, {"model": "resume.skill", "pk": 5, "fields": {"name": "ArcMap", "proficiency": 2, "since": null, "category": [1]}}, {"model": "resume.skill", "pk": 6, "fields": {"name": "ArcGIS Pro", "proficiency": 2, "since": null, "category": [1]}}, {"model": "resume.skill", "pk": 7, "fields": {"name": "ArcGIS Online", "proficiency": 2, "since": null, "category": [1, 3]}}, {"model": "resume.skill", "pk": 8, "fields": {"name": "Google Earth Engine", "proficiency": 1, "since": null, "category": [1]}}, {"model": "resume.skill", "pk": 9, "fields": {"name": "ENVI", "proficiency": 2, "since": null, "category": [1]}}, {"model": "resume.skill", "pk": 10, "fields": {"name": "ERDAS Imagine", "proficiency": 2, "since": null, "category": [1]}}, {"model": "resume.skill", "pk": 11, "fields": {"name": "PostgreSQL", "proficiency": 2, "since": null, "category": [2]}}, {"model": "resume.skill", "pk": 12, "fields": {"name": "PostGIS", "proficiency": 2, "since": null, "category": [2]}}, {"model": "resume.skill", "pk": 13, "fields": {"name": "SQLite", "proficiency": 2, "since": null, "category": [2]}}, {"model": "resume.skill", "pk": 14, "fields": {"name": "MySQL", "proficiency": 2, "since": null, "category": [2]}}, {"model": "resume.skill", "pk": 15, "fields": {"name": "Spatialite", "proficiency": 2, "since": null, "category": [2]}}, {"model": "resume.skill", "pk": 16, "fields": {"name": "GeoServer", "proficiency": 2, "since": null, "category": [2]}}, {"model": "resume.skill", "pk": 17, "fields": {"name": "GeoNode", "proficiency": 2, "since": null, "category": [2]}}, {"model": "resume.skill", "pk": 18, "fields": {"name": "Django", "proficiency": 2, "since": null, "category": [2]}}, {"model": "resume.skill", "pk": 19, "fields": {"name": "Flask", "proficiency": 2, "since": null, "category": [2]}}, {"model": "resume.skill", "pk": 20, "fields": {"name": "HTML", "proficiency": 2, "since": null, "category": [3]}}, {"model": "resume.skill", "pk": 21, "fields": {"name": "CSS", "proficiency": 2, "since": null, "category": [3]}}, {"model": "resume.skill", "pk": 22, "fields": {"name": "JavaScript", "proficiency": 2, "since": null, "category": [3]}}, {"model": "resume.skill", "pk": 23, "fields": {"name": "Leaflet", "proficiency": 2, "since": null, "category": [3]}}, {"model": "resume.skill", "pk": 24, "fields": {"name": "OpenLayers", "proficiency": 2, "since": null, "category": [3]}}, {"model": "resume.skill", "pk": 25, "fields": {"name": "ArcGIS API for JavaScript", "proficiency": 2, "since": null, "category": [3]}}, {"model": "resume.skill", "pk": 26, "fields": {"name": "HighCharts", "proficiency": 2, "since": null, "category": [3]}}, {"model": "resume.skill", "pk": 27, "fields": {"name": "Semantic-UI", "proficiency": 2, "since": null, "category": [3]}}, {"model": "resume.skill", "pk": 28, "fields": {"name": "RDS", "proficiency": 2, "since": null, "category": [4]}}, {"model": "resume.skill", "pk": 29, "fields": {"name": "Lambda", "proficiency": 2, "since": null, "category": [4]}}, {"model": "resume.skill", "pk": 30, "fields": {"name": "S3", "proficiency": 2, "since": null, "category": [4]}}, {"model": "resume.skill", "pk": 31, "fields": {"name": "API Gateway", "proficiency": 2, "since": null, "category": [4]}}, {"model": "resume.skill", "pk": 32, "fields": {"name": "Lightsail", "proficiency": 2, "since": null, "category": [4]}}, {"model": "resume.skill", "pk": 33, "fields": {"name": "Serverless Architecture", "proficiency": 1, "since": null, "category": [4]}}, {"model": "resume.skill", "pk": 34, "fields": {"name": "EC2", "proficiency": 2, "since": null, "category": [4]}}, {"model": "resume.university", "pk": 1, "fields": {"name": "University of Maryland", "city": "College Park", "state": "MD", "desc": "", "logo": "school_logos/umd.png"}}, {"model": "resume.degree", "pk": 1, "fields": {"title": "Undergraduate", "type": "B.S.", "major": "Environmental Science & Policy", "concentration": "Politics & Policy", "uni": 1, "desc": "", "awarded": "2013-12-12"}}, {"model": "resume.degree", "pk": 2, "fields": {"title": "Masters", "type": "M.P.S.", "major": "Geospatial Information Sciences", "concentration": null, "uni": 1, "desc": "", "awarded": "2017-08-18"}}, {"model": "resume.presentation", "pk": 1, "fields": {"name": "AGU - GLAM", "type": "Conference Presentation", "citation": "Whitcraft, A.K; Humber, M.; Keniston, J.F.; O\u2019Neill, F.D.F; Becker-Reshef, I., \u201c A Global Agricultural Monitoring (GLAM) Use Case to Evaluate Amazon Web Services for Near-Real Time Decision Support, \u201d Session presentation, American Geophysical Union (AGU) Fall Meeting, San Francisco, CA, Dec. 3 - 13, 2019.", "date": "2019-12-10"}}, {"model": "resume.presentation", "pk": 2, "fields": {"name": "Pecora - GLAM", "type": "Conference Presentation", "citation": "Humber, M., Keniston, J.F., Whitcraft, A.K, O\u2019Neill, F.D.F, \u201c Prototyping Cloud Architecture for Operational Vegetation Monitoring: The Global Agricultural Monitoring System, \u201d Session presentation, 21st\r\nWilliam T. Pecora Memorial Remote Sensing Symposium and the 38th International Symposium for Remote Sensing and Environment (ISRSE), Baltimore, MD, Oct. 6 \u2013 11, 2019.", "date": "2019-10-06"}}, {"model": "resume.presentation", "pk": 3, "fields": {"name": "AGU - Portal", "type": "Poster", "citation": "Keniston, J.; Humber, M.L.; Barker, B.; Sanchez, A.; O\u2019Neill, F.; Whitcraft, A.K.; Becker-Reshef, I., \u201c EOFSAC Portal - A tool for food security and agricultural data discovery and analysis, \u201d Poster, 2018 American Geophysical Union (AGU) Fall Meeting, Washington D.C., Dec. 10 \u2013 14, 2018.", "date": "2018-12-13"}}, {"model": "resume.publication", "pk": 1, "fields": {"name": "GLAM - NASA", "citation": "Humber, M.; Keniston, J.; O\u2019Neill, F.D.; Whitcraft, A., \u201cGlobal Agricultural Monitoring (GLAM): An Agricultural Monitoring Use Case to Evaluate Amazon Web Services,\u201d Jul. 2019.", "date": "2019-07-01", "refereed": false}}]